<?xml version="1.0" encoding="UTF-8"?>
<!DOCTYPE mapper
        PUBLIC "-//mybatis.org//DTD Mapper 3.0//EN"
        "http://mybatis.org/dtd/mybatis-3-mapper.dtd">
<mapper namespace="com.ean.usercenter.mapper.UserMapper">

    <resultMap id="BaseResultMap" type="com.ean.usercenter.model.domain.User">
            <id property="id" column="id" jdbcType="BIGINT"/>
            <result property="username" column="username" jdbcType="VARCHAR"/>
            <result property="userAccount" column="userAccount" jdbcType="VARCHAR"/>
            <result property="avatarUrl" column="avatarUrl" jdbcType="VARCHAR"/>
            <result property="gender" column="gender" jdbcType="TINYINT"/>
            <result property="userPassword" column="userPassword" jdbcType="VARCHAR"/>
            <result property="phone" column="phone" jdbcType="VARCHAR"/>
            <result property="email" column="email" jdbcType="VARCHAR"/>
            <result property="userStatus" column="userStatus" jdbcType="INTEGER"/>
            <result property="createTime" column="createTime" jdbcType="TIMESTAMP"/>
            <result property="updateTime" column="updateTime" jdbcType="TIMESTAMP"/>
            <result property="isDelete" column="isDelete" jdbcType="INTEGER"/>
            <result property="userRole" column="userRole" jdbcType="INTEGER"/>
            <result property="tags" column="tags" jdbcType="VARCHAR"/>
            <result property="planetCode" column="planetCode" jdbcType="INTEGER"/>
            <result property="profile" column="profile" jdbcType="VARCHAR"/>
    </resultMap>

    <sql id="Base_Column_List">
        id,username,userAccount,
        avatarUrl,gender,userPassword,
        phone,email,userStatus,userRole,
        createTime,updateTime,isDelete,tags,
        profile,planetCode
    </sql>
</mapper>
